airport_name,airport_abbr,delay_sum,total_number_flights,perc_delay,avg_perc_delay,lat,lng
Aberdeen Regional Airport,ABR,112.01,808.0,0.1386262376237624,0.20823556298332133,45.4534583,-98.4177261
Abilene Regional Airport,ABI,498.96000000000004,2371.0,0.2104428511176719,0.20823556298332133,32.4118941,-99.6800464
Abraham Lincoln Capital Airport,SPI,464.04999999999995,1898.0,0.24449420442571126,0.20823556298332133,39.8435114,-89.67809629999999
Adak Airport,ADK,16.0,113.0,0.1415929203539823,0.20823556298332133,51.88,-176.6580556
Akron-Canton Airport,CAK,2054.05,7353.0,0.27934856521147833,0.20823556298332133,40.9153779,-81.4418833
Albany International Airport,ALB,2936.040000000001,13551.0,0.21666592871374812,0.20823556298332133,42.7487124,-73.8054981
Albuquerque International Sunport,ABQ,5223.969999999999,25528.0,0.20463686931996236,0.20823556298332133,35.0433333,-106.6129085
Alexandria International Airport,AEX,743.05,3536.0,0.21013857466063346,0.20823556298332133,31.3274112,-92.5451856
Alpena County Regional Airport,APN,116.0,677.0,0.17134416543574593,0.20823556298332133,45.0721958,-83.56359359999999
Amarillo International Airport,AMA,1342.99,5744.0,0.2338074512534819,0.20823556298332133,35.2203245,-101.7074509
Anchorage International Airport,ANC,3067.0700000000006,20532.0,0.1493799922072862,0.20823556298332133,61.17588629999999,-149.9900792
Arcata Airport,ACV,554.99,1958.0,0.2834473953013279,0.20823556298332133,40.9709197,-124.1065825
Arnold Palmer Regional Airport,LBE,253.01,1199.0,0.21101751459549625,0.20823556298332133,40.2730644,-79.4082315
Asheville Regional Airport,AVL,2179.0199999999995,9844.0,0.22135514018691585,0.20823556298332133,35.4348962,-82.53785409999999
Aspen-Pitkin County Airport,ASE,2254.0,7051.0,0.3196709686569281,0.20823556298332133,39.2196304,-106.8643335
Atlanta International Airport,ATL,65842.93000000001,425255.0,0.15483164219115592,0.20823556298332133,33.6407282,-84.4277001
Atlantic City International Airport,ACY,605.0,3391.0,0.17841344736066056,0.20823556298332133,39.4557779,-74.57251169999999
Augusta Regional Airport,AGS,934.99,5045.0,0.18533002973240834,0.20823556298332133,33.3688534,-81.9657651
Austin Straubel International Airport,GRB,1251.02,5615.0,0.22279964381121994,0.20823556298332133,44.4926999,-88.1271783
Austin-Bergstrom International Airport,AUS,14449.090000000002,70860.0,0.20391038667795655,0.20823556298332133,30.19747109999999,-97.66635289999999
Baltimore / Washington International Airport,BWI,20197.97,112429.0,0.17965089078440616,0.20823556298332133,39.1774042,-76.6683922
Bangor International Airport,BGR,999.98,4185.0,0.23894384707287933,0.20823556298332133,44.808176,-68.8165035
Barnstable Municipal Airport,HYA,19.0,87.0,0.21839080459770116,0.20823556298332133,41.6673379,-70.2847445
Baton Rouge International Airport,BTR,1820.99,8156.0,0.22326998528690534,0.20823556298332133,30.5323599,-91.15146100000001
Bellingham International Airport,BLI,331.99,2074.0,0.16007232401157184,0.20823556298332133,48.7955792,-122.5330642
Bemidji Regional Airport,BJI,101.0,804.0,0.1256218905472637,0.20823556298332133,47.5092442,-94.9329041
Bert Mooney Airport,BTM,35.01,734.0,0.0476975476839237,0.20823556298332133,45.9551935,-112.5021977
Bethel Airport,BET,98.98,897.0,0.11034559643255296,0.20823556298332133,60.77972200000001,-161.8377779
Billings Logan International Airport,BIL,688.03,4294.0,0.16023055426176058,0.20823556298332133,45.80350809999999,-108.5379142
Birmingham International Airport,BHM,4846.98,20928.0,0.2316026376146789,0.20823556298332133,33.56125,-86.75228
Bishop International Airport,FNT,793.99,3790.0,0.20949604221635884,0.20823556298332133,42.973423,-83.73889419999999
Bismarck Municipal Airport,BIS,868.03,4361.0,0.19904379729419858,0.20823556298332133,46.77518999999999,-100.7572447
Blue Grass Airport,LEX,2224.9800000000005,10254.0,0.21698654183733182,0.20823556298332133,38.03776149999999,-84.6026083
Boise Airport,BOI,3338.989999999999,20442.0,0.1633396927893552,0.20823556298332133,43.5658231,-116.2223159
Boston Logan International Airport,BOS,41067.01,160831.0,0.25534262673240854,0.20823556298332133,42.3656132,-71.0095602
Bozeman Gallatin Field Airport,BZN,1293.01,7154.0,0.18073944646351692,0.20823556298332133,45.7771073,-111.1532346
Bradley International Airport,BDL,6271.060000000002,31212.0,0.2009182365756761,0.20823556298332133,41.9388735,-72.68603139999999
Brainerd Lakes Regional Airport,BRD,102.02000000000001,686.0,0.14871720116618078,0.20823556298332133,46.3930459,-94.1412635
"Branson, MO: Branson Airport",BKG,58.0,217.0,0.2672811059907834,0.20823556298332133,36.5385446,-93.19907289999999
Brownsville/South Padre Island International Airport,BRO,662.01,2941.0,0.22509690581434885,0.20823556298332133,25.9063266,-97.4269855
Brunswick Golden Isles Airport,BQK,187.01,1121.0,0.1668242640499554,0.20823556298332133,31.2548331,-81.46691109999999
Buffalo Niagara International Airport,BUF,5898.979999999999,27661.0,0.2132598243013629,0.20823556298332133,42.9397059,-78.7295067
Burbank Bob Hope Airport,BUR,6297.949999999999,32488.0,0.1938546540261019,0.20823556298332133,34.1983122,-118.3574036
Burlington International Airport,BTV,2464.040000000001,10573.0,0.2330502222642581,0.20823556298332133,44.4706939,-73.1516037
Bush Intercontinental Airport,IAH,43761.98,192696.0,0.22710372815211527,0.20823556298332133,29.9902199,-95.3367827
"CONCORD, NC: Concord Padgett Regional",USA,273.02,1321.0,0.20667676003028007,0.20823556298332133,35.3804727,-80.7139661
Canyonlands Field,CNY,150.99,703.0,0.21477951635846373,0.20823556298332133,38.7572626,-109.7521734
Cape Girardeau Regional Airport,CGI,269.98,944.0,0.28599576271186444,0.20823556298332133,37.226842,-89.5645181
Cedar City Regional Airport,CDC,93.00000000000001,813.0,0.11439114391143913,0.20823556298332133,37.6960908,-113.0972155
Cedar Rapids Eastern Iowa Airport,CID,2210.97,10139.0,0.2180658842094881,0.20823556298332133,41.8863861,-91.70697539999999
Central Illinois Regional Airport,BMI,789.0,3360.0,0.23482142857142857,0.20823556298332133,40.4801853,-88.9189342
Central Nebraska Regional Airport,GRI,249.0,1214.0,0.20510708401976935,0.20823556298332133,40.9694381,-98.3129098
Central Wisconsin Airport,CWA,519.97,2813.0,0.1848453608247423,0.20823556298332133,44.784201,-89.67268
Champaign Willard Airport,CMI,811.97,2933.0,0.27683941356972386,0.20823556298332133,40.03649619999999,-88.26398789999999
Charleston International Airport,CHS,5705.949999999999,27103.0,0.21052835479467213,0.20823556298332133,32.8942676,-80.038159
Charleston Yeager Airport,CRW,1166.0,4833.0,0.24125801779433065,0.20823556298332133,38.3714489,-81.5934922
Charlotte County Airport,PGD,1219.03,5519.0,0.2208787823881138,0.20823556298332133,26.9135138,-81.9998066
Charlotte/Douglas International Airport,CLT,46262.06000000001,253116.0,0.18277019232288758,0.20823556298332133,35.2144026,-80.9473146
Charlottesville-Albemarle Airport,CHO,1490.03,6185.0,0.24091026677445432,0.20823556298332133,38.1394877,-78.4516149
Chattanooga Metropolitan Airport,CHA,2001.05,9541.0,0.20973168430982078,0.20823556298332133,35.0374486,-85.19701119999999
Cherry Capital Airport,TVC,1010.04,4575.0,0.22077377049180327,0.20823556298332133,44.7369137,-85.5796208
Cheyenne Regional Airport,CYS,96.01,479.0,0.2004384133611691,0.20823556298332133,41.15298629999999,-104.810231
Chicago Midway Airport,MDW,18301.97,91559.0,0.19989263753426753,0.20823556298332133,41.78677589999999,-87.7521884
Chicago O'hare International Airport,ORD,92928.02000000002,367499.0,0.2528660486150983,0.20823556298332133,41.9741625,-87.9073214
Chippewa County International Airport,CIU,133.98000000000002,730.0,0.18353424657534248,0.20823556298332133,46.2577577,-84.4744174
Chippewa Valley Regional Airport,EAU,243.01999999999998,788.0,0.3084010152284264,0.20823556298332133,44.8622211,-91.48222190000001
Chisholm-Hibbing Airport,HIB,62.989999999999995,676.0,0.09318047337278106,0.20823556298332133,47.3921561,-92.8421461
Cincinnati / Northern Kentucky International Airport,CVG,11074.949999999999,52844.0,0.20957819241541137,0.20823556298332133,39.0532746,-84.6630165
Cleveland Hopkins International Airport,CLE,11402.919999999998,53643.0,0.21257051246201739,0.20823556298332133,41.4057985,-81.8538669
Colorado Springs Airport,COS,2671.0199999999995,10785.0,0.24766063977746866,0.20823556298332133,38.801712,-104.7026039
Columbia Metropolitan Airport,CAE,1633.99,8076.0,0.20232664685487867,0.20823556298332133,33.941917,-81.1220015
Columbia Regional Airport,COU,759.01,2469.0,0.3074159578776833,0.20823556298332133,38.8155232,-92.2193772
Columbus Metropolitan Airport,CSG,237.99,1377.0,0.1728322440087146,0.20823556298332133,32.5143625,-84.9410549
Cordova Municipal Airport,CDV,149.95,782.0,0.19175191815856776,0.20823556298332133,60.5436437,-145.7259285
Corpus Christi International Airport,CRP,1499.05,6238.0,0.24030939403655016,0.20823556298332133,27.7724235,-97.5021829
Craven County Regional Airport,EWN,577.01,2494.0,0.23135926222935044,0.20823556298332133,35.0776455,-77.0382005
Dallas Love Field,DAL,16422.030000000002,78634.0,0.20884134089579573,0.20823556298332133,32.8481029,-96.8512063
Dallas/Fort Worth International Airport,DFW,76313.98000000001,319212.0,0.23906989712166213,0.20823556298332133,32.8998091,-97.0403352
Dane County Regional Airport,MSN,3286.08,15173.0,0.2165741778158571,0.20823556298332133,43.1390659,-89.33641279999999
Dayton International Airport,DAY,3364.9800000000005,15060.0,0.22343824701195222,0.20823556298332133,39.90252419999999,-84.2217719
Daytona Beach International Airport,DAB,633.99,3640.0,0.17417307692307693,0.20823556298332133,29.1832134,-81.0532273
Deadhorse Airport,SCC,113.02000000000001,1065.0,0.10612206572769954,0.20823556298332133,70.1984121,-148.4611183
Del Rio International Airport,DRT,111.00000000000003,656.0,0.16920731707317077,0.20823556298332133,29.3705861,-100.920213
Delta County Airport,ESC,126.02,676.0,0.18642011834319527,0.20823556298332133,45.7180875,-87.09450919999999
Denver International Airport,DEN,54852.86999999997,265815.0,0.20635731617854514,0.20823556298332133,39.8560963,-104.6737376
Des Moines International Airport,DSM,3835.959999999999,18133.0,0.21154580047427338,0.20823556298332133,41.5341333,-93.6587958
Detroit Metro Airport,DTW,27439.940000000006,171856.0,0.1596682105949167,0.20823556298332133,42.2161722,-83.3553842
Devils Lake Municipal Airport,DVL,168.98,679.0,0.24886597938144328,0.20823556298332133,48.1090636,-98.9038973
Dillingham Airport,DLG,8.0,82.0,0.0975609756097561,0.20823556298332133,59.0420062,-158.508371
Dothan Regional Airport,DHN,286.0,1480.0,0.19324324324324324,0.20823556298332133,31.3148738,-85.44872099999999
Dubuque Regional Airport,DBQ,331.99,1129.0,0.2940566873339238,0.20823556298332133,42.3972121,-90.7057047
Duluth International Airport,DLH,754.98,3367.0,0.22422928422928423,0.20823556298332133,46.8387531,-92.1800102
Durango-La Plata County Airport,DRO,875.9499999999999,3546.0,0.24702481669486745,0.20823556298332133,37.1506067,-107.7532559
Eagle County Regional Airport,EGE,763.01,2473.0,0.3085361908613021,0.20823556298332133,39.6425637,-106.9145481
East Texas Regional Airport,GGG,159.99,997.0,0.1604714142427282,0.20823556298332133,32.3876264,-94.71911860000002
Easterwood Airport,CLL,499.98,2483.0,0.20136125654450263,0.20823556298332133,30.5936801,-96.36660529999999
El Paso International Airport,ELP,4151.020000000001,18484.0,0.22457368534949151,0.20823556298332133,31.8053354,-106.3824345
Elko Regional Airport,EKO,53.01,730.0,0.07261643835616438,0.20823556298332133,40.8278188,-115.786212
Elmira / Corning Regional Airport,ELM,34.0,363.0,0.09366391184573003,0.20823556298332133,42.1604316,-76.8921794
Eppley Airfield,OMA,5853.909999999999,28136.0,0.2080576485641171,0.20823556298332133,41.3018733,-95.8937409
Erie International Airport,ERI,258.99,1238.0,0.20920032310177708,0.20823556298332133,42.0840391,-80.1719311
Ernest A. Love Field Airport,PRC,146.01,777.0,0.18791505791505791,0.20823556298332133,34.6498173,-112.427239
Eugene Airport,EUG,996.0,4922.0,0.2023567655424624,0.20823556298332133,44.1217811,-123.2159003
Evansville Regional Airport,EVV,944.95,4592.0,0.20578179442508712,0.20823556298332133,38.0433641,-87.52717539999999
Fairbanks International Airport,FAI,629.98,5133.0,0.12273134619131112,0.20823556298332133,64.8164163,-147.8635168
Falls International Airport,INL,94.98,705.0,0.13472340425531915,0.20823556298332133,48.5663926,-93.397607
Fayetteville Regional/Grannis Field Airport,FAY,862.0,4003.0,0.21533849612790407,0.20823556298332133,34.9910665,-78.887089
Flagstaff Pulliam Airport,FLG,283.98,1790.0,0.15864804469273744,0.20823556298332133,35.1401934,-111.6708808
Fort Lauderdale Hollywood International Airport,FLL,24218.05999999999,104383.0,0.23201153444526398,0.20823556298332133,26.0742344,-80.1506022
Fort Smith Airport,FSM,497.0,2254.0,0.2204968944099379,0.20823556298332133,35.3380696,-94.3635085
Fort Walton Beach Airport,VPS,2028.97,9358.0,0.21681662748450523,0.20823556298332133,30.49545509999999,-86.54984639999999
Fort Wayne International Airport,FWA,1663.98,7577.0,0.21960934406757293,0.20823556298332133,40.9828674,-85.18844229999999
Fresno Air Terminal,FAT,2346.0200000000004,13175.0,0.17806603415559777,0.20823556298332133,36.7758493,-119.7181083
Friedman Memorial Airport,SUN,385.02,1652.0,0.23306295399515736,0.20823556298332133,43.5066901,-114.2992901
Gainesville Regional Airport,GNV,1008.98,5368.0,0.18796199701937408,0.20823556298332133,29.6863121,-82.2766402
Garden City Regional Airport,GCK,149.0,791.0,0.18836915297092288,0.20823556298332133,37.9268913,-100.7198703
General Mitchell International Airport,MKE,6885.98,33327.0,0.20661865754493353,0.20823556298332133,42.9475534,-87.89664599999999
Gerald R. Ford International Airport,GRR,4627.070000000001,20399.0,0.22682827589587728,0.20823556298332133,42.8846633,-85.5248434
Gillette-Campbell County Airport,GCC,159.98000000000002,779.0,0.2053658536585366,0.20823556298332133,44.348086,-105.5390962
Golden Triangle Regional Airport,GTR,214.99,1194.0,0.18005862646566165,0.20823556298332133,33.4516041,-88.587603
Grand Forks International Airport,GFK,328.0,2268.0,0.14462081128747795,0.20823556298332133,47.942861,-97.176582
Great Falls International Airport,GTF,219.01,1952.0,0.11219774590163933,0.20823556298332133,47.4825016,-111.3566299
Greater Binghamton Airport,BGM,204.03,1020.0,0.20002941176470587,0.20823556298332133,42.208651,-75.9813976
Greater Rochester International Airport,ROC,3679.1000000000004,16116.0,0.22828865723504593,0.20823556298332133,43.1225229,-77.66657219999999
Greater Rockford Airport,RFD,110.02999999999997,762.0,0.14439632545931755,0.20823556298332133,42.2010833,-89.0989032
Greenbrier Valley Airport,LWB,236.98000000000002,735.0,0.322421768707483,0.20823556298332133,37.856284,-80.404748
Greenville / Spartanburg Airport,GSP,3756.0600000000004,16964.0,0.2214135817024287,0.20823556298332133,34.8959008,-82.2172338
Gulfport-Biloxi International Airport,GPT,1079.01,4726.0,0.22831358442657637,0.20823556298332133,30.4131137,-89.0727778
Gunnison-Crested Butte Regional Airport,GUC,69.00999999999999,238.0,0.28995798319327726,0.20823556298332133,38.5372495,-106.9353988
Gustavus Airport,GST,7.99,82.0,0.0974390243902439,0.20823556298332133,58.422469,-135.7030421
Hagerstown Regional Airport,HGR,37.99,186.0,0.204247311827957,0.20823556298332133,39.7051079,-77.7311945
Harrisburg International Airport,MDT,1326.89,6758.0,0.19634359277892868,0.20823556298332133,40.1942375,-76.7576672
Hattiesburg-Laurel Regional Airport,PIB,258.0,783.0,0.32950191570881227,0.20823556298332133,31.468239,-89.335421
Hays Regional Airport,HYS,318.01,1350.0,0.23556296296296295,0.20823556298332133,38.853909,-99.273786
Hector International Airport,FAR,1353.02,6322.0,0.21401771591268587,0.20823556298332133,46.9223374,-96.8180144
Helena Regional Airport,HLN,166.02999999999997,1680.0,0.09882738095238093,0.20823556298332133,46.6095791,-111.9902266
Hilo International Airport,ITO,393.99,6679.0,0.05898936966611768,0.20823556298332133,19.7188342,-155.0416866
"Hilton Head, SC: Hilton Head Airport",HHH,494.03999999999996,2046.0,0.24146627565982404,0.20823556298332133,32.2248476,-80.6971648
Hobby Airport,HOU,13898.949999999999,64863.0,0.21428163976380987,0.20823556298332133,29.6459077,-95.27690539999999
Honolulu International Airport,HNL,6998.02,54846.0,0.12759399044597602,0.20823556298332133,21.3245132,-157.9250736
Houghton County Memorial Airport,CMX,297.0,790.0,0.3759493670886076,0.20823556298332133,47.1686533,-88.49399880000001
Huntsville International Airport,HSV,2056.01,10197.0,0.20162891046386194,0.20823556298332133,34.6403329,-86.77568989999999
Idaho Falls Regional Airport,IDA,216.01999999999998,2187.0,0.09877457704618198,0.20823556298332133,43.5152294,-112.0678843
Indianapolis International Airport,IND,11119.96,52862.0,0.2103582914002497,0.20823556298332133,39.7168593,-86.2955952
Iron Mountain Airport,IMT,94.0,734.0,0.12806539509536785,0.20823556298332133,45.81498209999999,-88.1185699
Ithaca Tompkins Regional Airport,ITH,184.99,1061.0,0.17435438265786996,0.20823556298332133,42.4910812,-76.4584974
Jackson Hole Airport,JAC,1115.06,4953.0,0.2251282051282051,0.20823556298332133,43.6084108,-110.7366517
Jackson-Evers International Airport,JAN,1990.11,8785.0,0.2265350028457598,0.20823556298332133,32.3122283,-90.0764217
Jacksonville International Airport,JAX,7823.94,36715.0,0.21309927822415906,0.20823556298332133,30.49407129999999,-81.6879368
Jacksonville/Albert J Ellis Airport,OAJ,694.01,3091.0,0.22452604335166612,0.20823556298332133,34.8291316,-77.60688429999999
Jamestown Regional Airport,JMS,240.01999999999998,1078.0,0.22265306122448977,0.20823556298332133,46.9294312,-98.6790504
John F. Kennedy International Airport,JFK,31010.079999999994,139021.0,0.22306040094661952,0.20823556298332133,40.6413111,-73.77813909999999
John Wayne Airport,SNA,7578.02,44637.0,0.16976992181374198,0.20823556298332133,33.6761901,-117.8674759
Joplin Regional Airport,JLN,297.0,1222.0,0.2430441898527005,0.20823556298332133,37.145412,-94.49285309999999
Juneau International Airport,JNU,666.02,4747.0,0.14030334948388457,0.20823556298332133,58.3579806,-134.5831791
Kahului Airport,OGG,3323.0299999999997,28534.0,0.11645861078012196,0.20823556298332133,20.8967924,-156.4329379
Kalamazoo/Battle Creek International Airport,AZO,502.03,2448.0,0.20507761437908495,0.20823556298332133,42.2355515,-85.5515933
"Kalispell, MT: Glacier Park International",FCA,398.04999999999995,3027.0,0.13149983481995373,0.20823556298332133,48.3076648,-114.2525337
Kansas City International Airport,MCI,11993.889999999998,60120.0,0.1994991683300066,0.20823556298332133,39.2991181,-94.7107786
Kearney Municipal Airport,EAR,139.01,685.0,0.20293430656934305,0.20823556298332133,40.727028,-99.006778
Ketchikan International Airport,KTN,361.02,2576.0,0.1401475155279503,0.20823556298332133,55.3554106,-131.7105604
Key Field Airport,MEI,325.98,1158.0,0.28150259067357514,0.20823556298332133,32.333547,-88.7451526
Key West International Airport,EYW,817.01,5698.0,0.14338539838539838,0.20823556298332133,24.5536707,-81.7549737
Killeen-Fort Hood Regional Airport,GRK,752.01,3582.0,0.20994137353433837,0.20823556298332133,31.0615241,-97.82091799999999
King Salmon Airport,AKN,1.0,61.0,0.01639344262295082,0.20823556298332133,58.67666699999999,-156.649167
Kodiak Airport,ADQ,99.01,691.0,0.1432850940665702,0.20823556298332133,57.7543254,-152.516958
Kona International Airport,KOA,1648.02,16291.0,0.1011613774476705,0.20823556298332133,19.736916,-156.0429246
La Crosse Municipal Airport,LSE,502.96000000000004,2355.0,0.2135711252653928,0.20823556298332133,43.8753591,-91.2634558
La Guardia Airport,LGA,54431.980000000025,185731.0,0.2930689007220121,0.20823556298332133,40.7769271,-73.8739659
Lafayette Regional Airport,LFT,1254.03,5483.0,0.22871238373153382,0.20823556298332133,30.205482,-91.9894188
Lake Charles Regional Airport,LCH,472.99,2113.0,0.22384761003312825,0.20823556298332133,30.1229972,-93.2211183
Lambert-St. Louis International Airport,STL,14960.97,73198.0,0.20439042050329242,0.20823556298332133,38.7499403,-90.374819
Lansing Capital City Airport,LAN,824.0999999999999,3773.0,0.218420355155049,0.20823556298332133,42.7750378,-84.5894539
Laramie Regional Airport,LAR,163.0,675.0,0.2414814814814815,0.20823556298332133,41.3201937,-105.6703447
Laredo International Airport,LRD,580.0,2777.0,0.20885848037450486,0.20823556298332133,27.5447829,-99.4613589
Lawton-Fort Sill Regional Airport,LAW,320.03999999999996,1436.0,0.22286908077994427,0.20823556298332133,34.5726626,-98.4159133
Lea County Regional Airport,HOB,171.99,732.0,0.23495901639344263,0.20823556298332133,32.6923483,-103.214364
Lehigh Valley International Airport,ABE,991.98,5240.0,0.1893091603053435,0.20823556298332133,40.65047209999999,-75.4345979
Lewiston-Nez Perce County Airport,LWS,60.01,997.0,0.060190571715145434,0.20823556298332133,46.3740418,-117.014737
Liberal Municipal Airport,LBL,130.0,673.0,0.19316493313521546,0.20823556298332133,37.0445698,-100.9523051
Lihue Airport,LIH,1499.93,15043.0,0.09970949943495314,0.20823556298332133,21.9788489,-159.3437585
Lincoln Airport,LNK,470.01,2250.0,0.20889333333333332,0.20823556298332133,40.8506586,-96.7581014
Little Rock National Airport,LIT,3158.0300000000007,15025.0,0.21018502495840272,0.20823556298332133,34.7307049,-92.2216531
Long Beach Airport,LGB,2640.0299999999997,16618.0,0.15886568780840052,0.20823556298332133,33.8176974,-118.1523845
Los Angeles International Airport,LAX,46203.03,237975.0,0.19415077213993065,0.20823556298332133,33.9415889,-118.40853
Louisville International Airport,SDF,5430.939999999999,26139.0,0.20777152913271352,0.20823556298332133,38.175662,-85.7369231
Lubbock International Airport,LBB,1753.01,7394.0,0.2370854747092237,0.20823556298332133,33.6565685,-101.8222599
Lynchburg Regional Airport/Preston Glenn Field,LYH,171.01999999999998,894.0,0.19129753914988812,0.20823556298332133,37.3271839,-79.2002065
Macarthur Airport,ISP,1320.99,5759.0,0.22937836429935754,0.20823556298332133,40.78933019999999,-73.097607
Magic Valley Regional Airport,TWF,92.03,1128.0,0.08158687943262412,0.20823556298332133,42.4833496,-114.4847165
Mammoth Yosemite Airport,MMH,208.99,508.0,0.4113976377952756,0.20823556298332133,37.6244629,-118.8388538
Manchester Airport,MHT,1762.99,8845.0,0.19932052006783493,0.20823556298332133,42.929687,-71.4352177
Manhattan Regional Airport,MHK,531.05,2088.0,0.2543342911877394,0.20823556298332133,39.1371223,-96.6699273
"Marquette, MI: Sawyer International",MQT,357.0,1495.0,0.23879598662207357,0.20823556298332133,46.3497439,-87.3873273
Martha's Vineyard Airport,MVY,93.0,585.0,0.15897435897435896,0.20823556298332133,41.388145,-70.613868
Mcallen-Miller International Airport,MFE,1420.03,5763.0,0.2464046503557175,0.20823556298332133,26.1780926,-98.24103629999999
Mccarran International Airport,LAS,33539.94,175983.0,0.19058624980822012,0.20823556298332133,36.0839998,-115.1537389
Mcghee Tyson Airport,TYS,4435.120000000001,18996.0,0.23347652137292066,0.20823556298332133,35.810833,-83.993889
Meadows Field Airport,BFL,578.94,2602.0,0.22249807840122984,0.20823556298332133,35.4329123,-119.056618
Medford Rogue Valley International Airport,MFR,950.0,4347.0,0.21854152288934897,0.20823556298332133,42.36833619999999,-122.8742933
Melbourne International Airport,MLB,463.03,2770.0,0.16715884476534296,0.20823556298332133,28.1012659,-80.645078
Memphis Airport,MEM,5805.96,27058.0,0.21457461748835835,0.20823556298332133,35.0420679,-89.9791729
Miami International Airport,MIA,18387.949999999997,94649.0,0.19427516402708953,0.20823556298332133,25.7958723,-80.2870509
Midamerica Airport,BLV,196.04000000000002,1063.0,0.18442144873000943,0.20823556298332133,38.5491996,-89.8216405
Midland International Airport,MAF,2357.9799999999996,9953.0,0.23691148397468095,0.20823556298332133,31.9417386,-102.2047497
Minneapolis/St. Paul International Airport,MSP,27862.070000000003,173738.0,0.1603683132072431,0.20823556298332133,44.8847554,-93.2222846
Minot International Airport,MOT,420.01,2487.0,0.1688821873743466,0.20823556298332133,48.25567119999999,-101.2882265
Missoula International Airport,MSO,608.01,3855.0,0.15771984435797665,0.20823556298332133,46.9185943,-114.0858752
Mobile Downtown Airport,BFM,31.009999999999998,108.0,0.2871296296296296,0.20823556298332133,30.6370652,-88.0788295
Mobile Regional Airport,MOB,1364.02,6049.0,0.22549512316085302,0.20823556298332133,30.692512,-88.24549359999999
Monroe Regional Airport,MLU,657.97,3229.0,0.20376896872096625,0.20823556298332133,32.51023110000001,-92.0436229
Monterey Peninsula Airport,MRY,965.99,4625.0,0.2088627027027027,0.20823556298332133,36.5871457,-121.8462322
Montgomery Regional Airport,MGM,786.9399999999999,4078.0,0.19297204512015692,0.20823556298332133,32.3050713,-86.3906353
Montrose Regional Airport,MTJ,436.0,1813.0,0.2404853833425262,0.20823556298332133,38.5003821,-107.8991394
Muskegon County Airport,MKG,260.01,788.0,0.32996192893401016,0.20823556298332133,43.1645753,-86.23798719999999
Myrtle Beach Airport,MYR,2465.0100000000007,12965.0,0.19012803702275363,0.20823556298332133,33.6822019,-78.92789429999999
Nantucket Memorial Airport,ACK,296.01,1320.0,0.22425,0.20823556298332133,41.2569516,-70.0637506
Nashville International Airport,BNA,17184.02,87102.0,0.1972861702371932,0.20823556298332133,36.126317,-86.67737129999999
Natrona County International Airport,CPR,118.98,1155.0,0.10301298701298701,0.20823556298332133,42.8972741,-106.46485
New Orleans International Airport,MSY,12715.949999999999,61608.0,0.2064009544215037,0.20823556298332133,29.9910905,-90.2592299
Newark Liberty International Airport,EWR,48368.06,148412.0,0.32590397002937765,0.20823556298332133,40.6895314,-74.1744624
Newport News/Williamsburg International Airport,PHF,456.99,2405.0,0.19001663201663202,0.20823556298332133,37.131667,-76.492778
"Niagara Falls, NY: Niagara Falls International",IAG,117.03,892.0,0.13119955156950672,0.20823556298332133,43.0902131,-79.0676409
Nome Airport,OME,123.99000000000001,782.0,0.15855498721227623,0.20823556298332133,64.5099347,-165.4435152
Norfolk International Airport,ORF,6179.0199999999995,26517.0,0.23302108081608022,0.20823556298332133,36.8956837,-76.2000161
North Bend Municipal Airport,OTH,160.01,438.0,0.36531963470319634,0.20823556298332133,43.4162233,-124.2492439
North Platte Regional Airport Lee Bird Field,LBF,141.0,675.0,0.2088888888888889,0.20823556298332133,41.1295674,-100.697989
Northwest Arkansas Regional Airport,XNA,3209.0300000000007,14612.0,0.21961606898439642,0.20823556298332133,36.2786587,-94.30429400000001
Oakland International Airport,OAK,10193.060000000001,57366.0,0.17768469128054948,0.20823556298332133,37.7125689,-122.2197428
Ogden-Hinckley Airport,OGD,31.0,114.0,0.2719298245614035,0.20823556298332133,41.1934195,-112.0089781
Ogdensburg International Airport,OGS,93.00999999999999,375.0,0.24802666666666665,0.20823556298332133,44.6820927,-75.47682979999999
Ontario International Airport,ONT,4642.08,23668.0,0.1961331755957411,0.20823556298332133,34.0559781,-117.598057
Orlando International Airport,MCO,33699.009999999995,151263.0,0.22278422350475657,0.20823556298332133,28.4311577,-81.308083
Orlando Sanford International Airport,SFB,2876.99,11005.0,0.2614257155838255,0.20823556298332133,28.7793906,-81.2356859
Outagamie County Regional Airport,ATW,894.04,4559.0,0.19610440886159244,0.20823556298332133,44.2602864,-88.51119299999999
Owensboro-Daviess County Airport,OWB,27.000000000000004,112.0,0.2410714285714286,0.20823556298332133,37.7463697,-87.1633877
Paducah Barkley Regional Airport,PAH,358.02,1246.0,0.2873354735152488,0.20823556298332133,37.0612439,-88.7675112
Palm Beach International Airport,PBI,6450.010000000001,26755.0,0.24107680807325738,0.20823556298332133,26.6857475,-80.0928165
Palm Springs International Airport,PSP,2662.01,12877.0,0.20672594548419665,0.20823556298332133,33.8303194,-116.5070468
"Panama City, FL: Northwest Florida Beaches International",ECP,1503.03,7035.0,0.2136503198294243,0.20823556298332133,30.3548543,-85.7995134
Pease International Airport,PSM,64.0,447.0,0.14317673378076062,0.20823556298332133,43.0802589,-70.8211285
Pellston Regional Airport,PLN,189.0,1162.0,0.16265060240963855,0.20823556298332133,45.5714903,-84.78618340000001
Pensacola Regional Airport,PNS,2854.0299999999997,13297.0,0.21463713619613445,0.20823556298332133,30.4738158,-87.1867049
Peoria Regional Airport,PIA,1137.97,5246.0,0.21692146397255052,0.20823556298332133,40.6608469,-89.69008629999999
Petersburg Airport,PSG,149.98000000000002,785.0,0.19105732484076435,0.20823556298332133,27.9098674,-82.68885709999999
Philadelphia International Airport,PHL,26797.930000000008,127967.0,0.20941281736697748,0.20823556298332133,39.8743959,-75.2424229
Phoenix Sky Harbor International Airport,PHX,34611.030000000006,187507.0,0.18458526881663087,0.20823556298332133,33.4372686,-112.0077881
"Phoenix, AZ: Phoenix - Mesa Gateway",AZA,1507.99,5906.0,0.2553318658990857,0.20823556298332133,33.307161,-111.668946
Piedmont Triad International Airport,GSO,3610.0800000000017,15507.0,0.23280325014509587,0.20823556298332133,36.1043671,-79.9351805
Pierre Regional Airport,PIR,104.0,487.0,0.2135523613963039,0.20823556298332133,44.3825,-100.285833
Pitt-Greenville Airport,PGV,98.00999999999999,302.0,0.3245364238410596,0.20823556298332133,35.631926,-77.3798351
Pittsburgh International Airport,PIT,10944.120000000003,54218.0,0.20185399682762187,0.20823556298332133,40.4957722,-80.24131129999999
"Plattsburgh, NY: Plattsburgh International",PBG,291.03999999999996,1438.0,0.20239221140472877,0.20823556298332133,44.6520597,-73.46792030000002
Pocatello Regional Airport,PIH,92.99,1241.0,0.07493150684931506,0.20823556298332133,42.9056887,-112.5887539
Port Columbus International Airport,CMH,10285.879999999997,50937.0,0.20193336867110348,0.20823556298332133,39.9999399,-82.8871767
Portland International Airport,PDX,10972.060000000001,66846.0,0.16413936510785987,0.20823556298332133,45.58976939999999,-122.5950942
Portland International Jetport,PWM,2922.020000000001,12866.0,0.2271117674490907,0.20823556298332133,43.6464785,-70.30969739999999
Provo Municipal Airport,PVU,109.99999999999999,723.0,0.15214384508990317,0.20823556298332133,40.2180508,-111.7222357
Pueblo Memorial Airport,PUB,195.98000000000002,1009.0,0.1942319127849356,0.20823556298332133,38.2859398,-104.4953346
Quad City International Airport,MLI,1144.8600000000001,5280.0,0.21682954545454547,0.20823556298332133,41.4496341,-90.50827059999999
Quincy Regional Airport - Baldwin Field,UIN,240.96,786.0,0.3065648854961832,0.20823556298332133,39.9368871,-91.1941325
Raleigh-Durham International Airport,RDU,15026.180000000002,68412.0,0.21964246038706664,0.20823556298332133,35.88007899999999,-78.7879963
Ralph Wien Memorial Airport,OTZ,99.99,781.0,0.1280281690140845,0.20823556298332133,66.8913694,-162.6024888
Rapid City Regional Airport,RAP,1145.96,5164.0,0.22191324554608832,0.20823556298332133,44.0383798,-103.0605163
Redding Municipal Airport,RDD,368.02,1459.0,0.25224126113776557,0.20823556298332133,40.5058184,-122.2996775
Reno-Tahoe International Airport,RNO,3920.0,21349.0,0.18361515761862382,0.20823556298332133,39.4995907,-119.7680951
Rhinelander-Oneida County Airport,RHI,126.00999999999999,866.0,0.1455080831408776,0.20823556298332133,45.6262146,-89.463867
Richmond International Airport,RIC,6008.030000000002,26610.0,0.22578090943254422,0.20823556298332133,37.5065795,-77.3208112
Rickenbacker International Airport,LCK,206.01999999999998,1084.0,0.19005535055350553,0.20823556298332133,39.8173811,-82.9358462
Roanoke Regional Airport,ROA,560.04,2854.0,0.19622985283812192,0.20823556298332133,37.320398,-79.9701915
Roberts Field,RDM,910.97,4328.0,0.21048290203327172,0.20823556298332133,44.2532061,-121.1608592
Rochester International Airport,RST,968.04,3800.0,0.2547473684210526,0.20823556298332133,43.9109834,-92.4967704
Rock Springs-Sweetwater County Airport,RKS,155.98999999999998,785.0,0.19871337579617832,0.20823556298332133,41.59746260000001,-109.0720642
Ronald Reagan Washington National Airport,DCA,31967.06999999999,150403.0,0.21254276842882117,0.20823556298332133,38.851242,-77.04023149999999
Roswell Industrial Air Center Airport,ROW,250.0,1487.0,0.16812373907195696,0.20823556298332133,33.3067198,-104.5189261
Sacramento International Airport,SMF,9770.939999999999,54208.0,0.18024904073199524,0.20823556298332133,38.6950854,-121.5900648
Saginaw International Airport,MBS,588.03,2874.0,0.20460334029227556,0.20823556298332133,43.5386272,-84.0821024
Salina Municipal Airport,SLN,256.01,1014.0,0.25247534516765285,0.20823556298332133,38.7786867,-97.639517
Salt Lake City International Airport,SLC,17703.089999999997,123319.0,0.14355525101565855,0.20823556298332133,40.7899404,-111.9790706
San Angelo Regional Airport/Mathis Field,SJT,344.97,1837.0,0.18778987479586284,0.20823556298332133,31.35728569999999,-100.5028459
San Antonio International Airport,SAT,9355.88,44062.0,0.21233443783759245,0.20823556298332133,29.5311973,-98.4683484
San Diego International Airport,SAN,19314.069999999996,100665.0,0.19186479908607754,0.20823556298332133,32.7338006,-117.1933038
San Francisco International Airport,SFO,51288.01000000001,186577.0,0.27488924143919136,0.20823556298332133,37.6213129,-122.3789554
San Jose International Airport,SJC,11156.03,65796.0,0.1695548361602529,0.20823556298332133,37.3639472,-121.9289375
San Luis County Regional Airport,SBP,1163.98,5429.0,0.21440044207036288,0.20823556298332133,35.2374865,-120.6409032
Santa Barbara Airport,SBA,1711.01,7622.0,0.22448307530831801,0.20823556298332133,34.4271935,-119.8398835
Santa Fe Municipal Airport,SAF,367.95,1751.0,0.21013706453455167,0.20823556298332133,35.6182563,-106.0845315
Santa Maria Public Airport,SMX,31.0,207.0,0.1497584541062802,0.20823556298332133,34.8991411,-120.4477733
Sarasota-Bradenton International Airport,SRQ,1456.03,8125.0,0.1792036923076923,0.20823556298332133,27.3951191,-82.5538198
Savannah/Hilton Head International Airport,SAV,4061.220000000002,18781.0,0.21624088174218636,0.20823556298332133,32.1294267,-81.2018521
Seattle/Tacoma International Airport,SEA,32276.01000000001,151959.0,0.21239946301304963,0.20823556298332133,47.4502499,-122.3088165
Shenandoah Valley Regional Airport,SHD,195.03,762.0,0.2559448818897638,0.20823556298332133,38.2634299,-78.8976294
Shreveport Regional Airport,SHV,1637.03,7516.0,0.21780601383714743,0.20823556298332133,32.4544911,-93.8286552
Sioux Falls Regional Airport,FSD,1893.01,7676.0,0.24661412193850965,0.20823556298332133,43.5828065,-96.7402171
Sioux Gateway Airport,SUX,407.02,1450.0,0.2807034482758621,0.20823556298332133,42.4025,-96.384167
Sitka Rocky Gutierrez Airport,SIT,244.0,1446.0,0.16874135546334718,0.20823556298332133,57.05271949999999,-135.3651389
Sloulin Field International Airport,ISN,130.0,1030.0,0.1262135922330097,0.20823556298332133,48.176354,-103.6313593
Snohomish County Airport (Paine Field),PAE,181.01,1092.0,0.16576007326007325,0.20823556298332133,47.9075768,-122.2808529
Sonoma County Airport,STS,429.03,2407.0,0.17824262567511423,0.20823556298332133,38.5092305,-122.8132578
South Bend Regional Airport,SBN,1773.05,7765.0,0.22833869929169348,0.20823556298332133,41.7007827,-86.31103859999999
Southeast Texas Regional Airport,BPT,229.0,1058.0,0.21644612476370512,0.20823556298332133,29.955847,-94.0220743
Southwest Florida International Airport,RSW,7135.08,34972.0,0.2040226466887796,0.20823556298332133,26.5337051,-81.7553083
Southwest Georgia Regional Airport,ABY,205.01,1087.0,0.18860165593376263,0.20823556298332133,31.53567109999999,-84.19390489999999
Spokane International Airport,GEG,2498.9900000000002,13158.0,0.189921720626235,0.20823556298332133,47.62174779999999,-117.534812
Springfield Branson Regional Airport,SGF,2097.99,9274.0,0.226222773344835,0.20823556298332133,37.244631,-93.39026559999999
St Cloud Regional Airport,STC,29.0,155.0,0.1870967741935484,0.20823556298332133,45.5479622,-94.06972329999999
St George Municipal Airport,SGU,369.99,2810.0,0.13166903914590747,0.20823556298332133,37.0334435,-113.5099289
St. Petersburg-Clearwater International Airport,PIE,1487.98,8086.0,0.18401929260450162,0.20823556298332133,27.9098674,-82.68885709999999
"State College, PA: University Park",SCE,439.94000000000005,1853.0,0.23742039935240153,0.20823556298332133,40.8147955,-77.86531260000001
Stewart International Airport,SWF,446.0,1910.0,0.23350785340314137,0.20823556298332133,41.4984032,-74.1008627
Stillwater Regional Airport,SWO,164.01,952.0,0.17227941176470588,0.20823556298332133,36.1577993,-97.08390779999999
Stockton Metropolitan Airport,SCK,172.0,914.0,0.18818380743982493,0.20823556298332133,37.8968929,-121.2514811
Syracuse Hancock International Airport,SYR,3580.1100000000006,15245.0,0.23483830764184982,0.20823556298332133,43.1139301,-76.1101888
T.F. Green Airport,PVD,4091.0,19709.0,0.20757014561875287,0.20823556298332133,41.7245271,-71.4304062
Tallahassee Regional Airport,TLH,1280.01,6931.0,0.1846789785023806,0.20823556298332133,30.3954074,-84.3450518
Tampa International Airport,TPA,16883.02,80910.0,0.20866419478432827,0.20823556298332133,27.9834776,-82.5370781
Texarkana Regional Airport,TXK,257.97,1369.0,0.18843681519357197,0.20823556298332133,33.4568776,-93.9941485
Toledo Express Airport,TOL,461.02,2241.0,0.20572066041945558,0.20823556298332133,41.5878083,-83.80914109999999
Trenton Mercer Airport,TTN,880.99,3088.0,0.285294689119171,0.20823556298332133,40.2769993,-74.8179505
Tri-Cities Airport,PSC,472.02000000000004,2704.0,0.17456360946745564,0.20823556298332133,36.4306668,-82.4472054
Tri-Cities Regional Airport,TRI,528.04,2926.0,0.1804647983595352,0.20823556298332133,36.4809142,-82.40839199999999
Tri-State Airport,HTS,191.01000000000002,843.0,0.22658362989323846,0.20823556298332133,38.3683533,-82.5578085
Tucson International Airport,TUS,4091.0,20377.0,0.2007655690238995,0.20823556298332133,32.1145102,-110.9392269
Tulsa International Airport,TUL,3985.0300000000016,18487.0,0.21555850056796677,0.20823556298332133,36.198778,-95.88386589999999
Tweed New Haven Regional Airport,HVN,266.0,1147.0,0.23190932868352224,0.20823556298332133,41.2678919,-72.8868727
Tyler Pounds Regional Airport,TYR,324.02,1639.0,0.19769371568029284,0.20823556298332133,32.3511258,-95.40962929999999
Valdosta Regional Airport,VLD,132.99,1120.0,0.11874107142857143,0.20823556298332133,30.7892346,-83.27882269999999
Valley International Airport,HRL,932.99,4559.0,0.2046479491116473,0.20823556298332133,26.2234764,-97.6623631
"Vernal, UT: Vernal Regional",VEL,147.01,673.0,0.21843982169390785,0.20823556298332133,40.4555157,-109.5287479
Waco Regional Airport,ACT,373.02,1900.0,0.19632631578947368,0.20823556298332133,31.6135899,-97.2262908
Walker Field Airport,GJT,541.95,4208.0,0.12879039923954375,0.20823556298332133,39.1222307,-108.5291468
Washington Dulles International Airport,IAD,14468.939999999999,75398.0,0.19190084617629113,0.20823556298332133,38.9531162,-77.45653879999999
Waterloo Regional Airport,ALO,209.01,754.0,0.27720159151193635,0.20823556298332133,42.5552262,-92.3979652
Watertown International Airport,ART,100.0,270.0,0.37037037037037035,0.20823556298332133,43.9956627,-76.022365
Watertown Municipal Airport,ATY,73.98,339.0,0.21823008849557524,0.20823556298332133,43.17129509999999,-88.72799359999999
West Yellowstone Airport,WYS,23.009999999999998,303.0,0.07594059405940594,0.20823556298332133,44.6867178,-111.1145613
Westchester County Airport,HPN,3188.9900000000007,12076.0,0.26407668102020543,0.20823556298332133,41.0683325,-73.7086641
Western Nebraska Regional Airport,BFF,128.99,674.0,0.19137982195845699,0.20823556298332133,41.8695184,-103.5934309
Wichita Falls Municipal Airport,SPS,230.95000000000002,1281.0,0.1802888368462139,0.20823556298332133,33.9642825,-98.4918225
Wichita Mid-Continent Airport,ICT,2629.92,11572.0,0.22726581403387489,0.20823556298332133,37.6508529,-97.42869879999999
Wiley Post-Will Rogers Memorial Airport,BRW,83.98,787.0,0.10670902160101653,0.20823556298332133,71.2874212,-156.7802701
Wilkes-Barre/Scranton International Airport,AVP,738.98,3732.0,0.1980117899249732,0.20823556298332133,41.3377679,-75.7237811
Will Rogers World Airport,OKC,6202.080000000001,26070.0,0.2379010356731876,0.20823556298332133,35.393056,-97.600556
Wilmington International Airport,ILM,1579.04,7264.0,0.21737885462555065,0.20823556298332133,34.2668931,-77.91052010000001
Worcester Regional Airport,ORH,354.99,1243.0,0.2855913113435237,0.20823556298332133,42.2680227,-71.8735112
Wrangell Airport,WRG,174.01999999999998,784.0,0.2219642857142857,0.20823556298332133,56.4850237,-132.3795998
Yakutat Airport,YAK,135.02,782.0,0.1726598465473146,0.20823556298332133,59.5099391,-139.6686314
Yampa Valley Regional Airport,HDN,283.03000000000003,1084.0,0.2610977859778598,0.20823556298332133,40.4814042,-107.2166138
Yellowstone Regional Airport,COD,128.01,702.0,0.18235042735042734,0.20823556298332133,44.520442,-109.0225794
Yuma International Airport,YUM,251.01,1797.0,0.13968280467445743,0.20823556298332133,32.6685512,-114.5991383
